{"agendas":[{"party_min":-7.06,"name":"\u05d7\u05d5\u05e4\u05e9\u05d9 \u05d1\u05d0\u05e8\u05e6\u05e0\u05d5 \u05dc\u05db\u05e0\u05e1\u05ea \u05d4-19","min":-41.18,"absolute_url":"\/agenda\/113\/","rank":121,"score":0,"max":85.88,"owner":"\u05e4\u05d5\u05e8\u05d5\u05dd \u05e0\u05ea\u05df","id":113,"party_max":37.65},{"party_min":0,"name":"\u05e7\u05d9\u05d3\u05d5\u05dd \u05d4\u05d1\u05d9\u05d8\u05d7\u05d5\u05df \u05d5\u05d3\u05d9\u05db\u05d5\u05d9 \u05d4\u05e4\u05e9\u05d9\u05e2\u05d4 \u05d5\u05d4\u05d8\u05e8\u05d5\u05e8 \u05d1\u05db\u05e0\u05e1\u05ea \u05d4-19","min":-29.72,"absolute_url":"\/agenda\/115\/","rank":144,"score":0,"max":77.51,"owner":"\u05d0\u05d1\u05d9\u05d7\u05d9","id":115,"party_max":9.64},{"party_min":-6.41,"name":"\u05d4\u05de\u05d3\u05d3 \u05d4\u05d7\u05d1\u05e8\u05ea\u05d9, \u05db\u05e0\u05e1 \u05d7\u05d5\u05e8\u05e3 -\u05ea\u05e9\u05e2\"\u05d3","min":-12.63,"absolute_url":"\/agenda\/92\/","rank":110,"score":0,"max":58.57,"owner":"\u05d4\u05de\u05e9\u05de\u05e8 \u05d4\u05d7\u05d1\u05e8\u05ea\u05d9","id":92,"party_max":51.37},{"party_min":0.0,"name":"\u05e7\u05d9\u05d3\u05d5\u05dd \u05de\u05e2\u05de\u05d3 \u05d4\u05e0\u05d5\u05e1\u05e2 \u05d1\u05ea\u05d7\u05d1\u05d5\u05e8\u05d4 \u05d4\u05e6\u05d9\u05d1\u05d5\u05e8\u05d9\u05ea \u05dc\u05db\u05e0\u05e1\u05ea \u05d4-19","min":-22.12,"absolute_url":"\/agenda\/102\/","rank":96,"score":0,"max":58.65,"owner":"\u05ea\u05d7\u05d1\u05d5\u05e8\u05d4 \u05d1\u05d3\u05e8\u05da \u05e9\u05dc\u05e0\u05d5","id":102,"party_max":22.12},{"party_min":0,"name":"\u05de\u05d9\u05d2\u05d5\u05e8 \u05d4\u05d0\u05dc\u05d9\u05de\u05d5\u05ea \u05d4\u05de\u05d9\u05e0\u05d9\u05ea \u05dc\u05db\u05e0\u05e1\u05ea \u05d4-19","min":-4.85,"absolute_url":"\/agenda\/122\/","rank":139,"score":0,"max":75.73,"owner":"\u05d0\u05d9\u05d2\u05d5\u05d3 \u05de\u05e8\u05db\u05d6\u05d9 \u05d4\u05e1\u05d9\u05d5\u05e2 \u05dc\u05e0\u05e4\u05d2\u05e2\u05d5\u05ea \u05ea\u05e7\u05d9\u05e4\u05d4 \u05de\u05d9\u05e0\u05d9\u05ea","id":122,"party_max":53.4},{"party_min":0,"name":"\u05e7\u05d9\u05d3\u05d5\u05dd \u05d4\u05e9\u05ea\u05dc\u05d1\u05d5\u05ea \u05d1\u05e0\u05d9 \u05d4\u05e2\u05d3\u05d4 \u05d4\u05e0\u05d5\u05e6\u05e8\u05d9\u05ea \u05d1\u05d7\u05d1\u05e8\u05d4 \u05d4\u05d9\u05e9\u05e8\u05d0\u05dc\u05d9\u05ea \u05dc\u05db\u05e0\u05e1\u05ea \u05d4-19","min":-80.0,"absolute_url":"\/agenda\/104\/","rank":101,"score":0,"max":100.0,"owner":"\u05e4\u05d5\u05e8\u05d5\u05dd \u05d2\u05d9\u05d5\u05e1 \u05d4\u05e2\u05d3\u05d4 \u05d4\u05e0\u05d5\u05e6\u05e8\u05d9\u05ea","id":104,"party_max":60.0},{"party_min":-8.22,"name":"\u05d4\u05de\u05d3\u05d3 \u05d4\u05d7\u05d1\u05e8\u05ea\u05d9 - \u05dc\u05db\u05e0\u05e1\u05ea \u05d4-19","min":-18.49,"absolute_url":"\/agenda\/101\/","rank":99,"score":0,"max":52.74,"owner":"\u05d4\u05de\u05e9\u05de\u05e8 \u05d4\u05d7\u05d1\u05e8\u05ea\u05d9","id":101,"party_max":31.85},{"party_min":-20.14,"name":"\u05d6\u05db\u05d5\u05d9\u05d5\u05ea \u05d0\u05d3\u05dd \u05d1\u05db\u05e0\u05e1\u05ea \u05d4-19","min":-43.4,"absolute_url":"\/agenda\/105\/","rank":79,"score":0,"max":64.58,"owner":"\u05e8\u05dd \u05d0\u05d6\u05e8\u05d7 \u05d5\u05d0\u05dc\u05d5\u05df \u05d0\u05e0\u05ea\u05d9\u05df","id":105,"party_max":36.11},{"party_min":0,"name":"\u05e7\u05d9\u05d3\u05d5\u05dd \u05d6\u05db\u05d5\u05d9\u05d5\u05ea \u05dc\u05d4\u05d8\"\u05d1 \u05d5\u05e7\u05d9\u05d3\u05d5\u05dd \u05e9\u05d5\u05d5\u05d9\u05d5\u05df \u05e2\u05dc \u05e8\u05e7\u05e2 \u05e0\u05d8\u05d9\u05d9\u05d4 \u05de\u05d9\u05e0\u05d9\u05ea \u05d5\u05d6\u05d4\u05d5\u05ea \u05de\u05d2\u05d3\u05e8\u05d9\u05ea \u05d1\u05db\u05e0\u05e1\u05ea \u05d4-19","min":-60.0,"absolute_url":"\/agenda\/106\/","rank":110,"score":0,"max":100.0,"owner":"\u05d4\u05d1\u05e0\"\u05d4","id":106,"party_max":60.0},{"party_min":0.0,"name":"\u05e7\u05d9\u05d3\u05d5\u05dd \u05d4\u05d7\u05d9\u05e0\u05d5\u05da \u05d4\u05e6\u05d9\u05d1\u05d5\u05e8\u05d9 \u05dc\u05db\u05e0\u05e1\u05ea \u05d4-19","min":0.0,"absolute_url":"\/agenda\/109\/","rank":59,"score":0,"max":0.0,"owner":"\u05e4\u05e2\u05d9\u05dc\u05d9 \u05d4\u05d7\u05d9\u05e0\u05d5\u05da","id":109,"party_max":0.0},{"party_min":-80.0,"name":"\u05d4\u05d2\u05e0\u05d4 \u05e2\u05dc \u05d6\u05db\u05d5\u05d9\u05d5\u05ea \u05e4\u05dc\u05d9\u05d8\u05d9\u05dd \u05d5\u05de\u05d4\u05d2\u05e8\u05d9\u05dd \u05d1\u05db\u05e0\u05e1\u05ea \u05d4-19","min":-100.0,"absolute_url":"\/agenda\/108\/","rank":66,"score":0,"max":100.0,"owner":"\u05de\u05d5\u05e7\u05d3 \u05e1\u05d9\u05d5\u05e2 \u05dc\u05e2\u05d5\u05d1\u05d3\u05d9\u05dd \u05d6\u05e8\u05d9\u05dd","id":108,"party_max":100.0},{"party_min":0,"name":"\u05e7\u05d9\u05d3\u05d5\u05dd \u05e9\u05d5\u05d5\u05d9\u05d5\u05df \u05de\u05d2\u05d3\u05e8\u05d9 \u05d1\u05db\u05e0\u05e1\u05ea \u05d4-19","min":-40.0,"absolute_url":"\/agenda\/117\/","rank":124,"score":0,"max":96.25,"owner":"\u05e9\u05d5\u05ea\u05e4\u05d5\u05ea","id":117,"party_max":41.88},{"party_min":-12.43,"name":"\u05e9\u05e7\u05d9\u05e4\u05d5\u05ea \u05d4\u05de\u05d9\u05d3\u05e2 \u05d4\u05e6\u05d9\u05d1\u05d5\u05e8\u05d9 \u05dc\u05db\u05e0\u05e1\u05ea \u05d4-19","min":-12.43,"absolute_url":"\/agenda\/99\/","rank":123,"score":0,"max":69.73,"owner":"\u05d4\u05ea\u05e0\u05d5\u05e2\u05d4 \u05dc\u05d7\u05d5\u05e4\u05e9 \u05d4\u05de\u05d9\u05d3\u05e2","id":99,"party_max":55.68},{"party_min":-3.99,"name":"\u05d4\u05de\u05d3\u05d3 \u05d4\u05d7\u05d1\u05e8\u05ea\u05d9 - \u05db\u05e0\u05e1 \u05e7\u05d9\u05e5 2013","min":-5.61,"absolute_url":"\/agenda\/91\/","rank":138,"score":0,"max":55.86,"owner":"\u05d4\u05de\u05e9\u05de\u05e8 \u05d4\u05d7\u05d1\u05e8\u05ea\u05d9","id":91,"party_max":38.28},{"party_min":-14.58,"name":"\u05e7\u05d9\u05d3\u05d5\u05dd \u05de\u05e2\u05de\u05d3 \u05d4\u05d7\u05e1\u05db\u05d5\u05df \u05d4\u05e4\u05e0\u05e1\u05d9\u05d5\u05e0\u05d9 \u05dc\u05db\u05e0\u05e1\u05ea \u05d4-19","min":-35.42,"absolute_url":"\/agenda\/119\/","rank":97,"score":0,"max":68.75,"owner":"\u05d0\u05dc\u05d5\u05df \u05d0\u05e0\u05ea\u05d9\u05df","id":119,"party_max":27.08},{"party_min":-85.19,"name":"\u05e7\u05d9\u05d3\u05d5\u05dd \u05de\u05d3\u05d9\u05e0\u05d9\u05d5\u05ea \u05d4\u05d2\u05d9\u05e8\u05d4 \u05d9\u05e9\u05e8\u05d0\u05dc\u05d9\u05ea \u05d1\u05db\u05e0\u05e1\u05ea \u05d4-19","min":-100.0,"absolute_url":"\/agenda\/107\/","rank":100,"score":0,"max":90.74,"owner":"\u05d4\u05de\u05e8\u05db\u05d6 \u05dc\u05de\u05d3\u05d9\u05e0\u05d9\u05d5\u05ea \u05d4\u05d2\u05d9\u05e8\u05d4 \u05d9\u05e9\u05e8\u05d0\u05dc\u05d9\u05ea","id":107,"party_max":72.22},{"party_min":-43.48,"name":"\u05e7\u05d9\u05d3\u05d5\u05dd \u05d6\u05db\u05d5\u05d9\u05d5\u05ea \u05d1\u05e2\u05dc\u05d9 \u05d7\u05d9\u05d9\u05dd \u05dc\u05db\u05e0\u05e1\u05ea \u05d4-19","min":-86.96,"absolute_url":"\/agenda\/103\/","rank":110,"score":0,"max":100.0,"owner":"\u05e9\u05e8\u05df \u05d4\u05e9\u05db\u05dc","id":103,"party_max":43.48},{"party_min":-11.76,"name":"\u05e7\u05d9\u05d9\u05de\u05d5\u05ea \u05dc\u05db\u05e0\u05e1\u05ea \u05d4-19","min":-11.76,"absolute_url":"\/agenda\/114\/","rank":128,"score":0,"max":76.47,"owner":"\u05d4\u05e2\u05de\u05d5\u05ea\u05d4 \u05dc\u05db\u05dc\u05db\u05dc\u05d4 \u05d1\u05ea \u05e7\u05d9\u05d9\u05de\u05d0","id":114,"party_max":29.41},{"party_min":-25.07,"name":"\u05de\u05d3\u05d3 \u05d4\u05d7\u05d5\u05e4\u05e9 \u05dc\u05db\u05e0\u05e1\u05ea \u05d4-19","min":-36.0,"absolute_url":"\/agenda\/100\/","rank":91,"score":0,"max":29.43,"owner":"\u05d4\u05ea\u05e0\u05d5\u05e2\u05d4 \u05d4\u05dc\u05d9\u05d1\u05e8\u05dc\u05d9\u05ea \u05d4\u05d7\u05d3\u05e9\u05d4","id":100,"party_max":22.31}],"resource_uri":"\/api\/v2\/member-agendas\/730\/"}