{"agendas":[{"party_min":20.0,"name":"\u05d7\u05d5\u05e4\u05e9\u05d9 \u05d1\u05d0\u05e8\u05e6\u05e0\u05d5 \u05dc\u05db\u05e0\u05e1\u05ea \u05d4-19","min":-41.18,"absolute_url":"\/agenda\/113\/","rank":79,"score":20.0,"max":85.88,"owner":"\u05e4\u05d5\u05e8\u05d5\u05dd \u05e0\u05ea\u05df","id":113,"party_max":85.88},{"party_min":0,"name":"\u05e7\u05d9\u05d3\u05d5\u05dd \u05d4\u05d1\u05d9\u05d8\u05d7\u05d5\u05df \u05d5\u05d3\u05d9\u05db\u05d5\u05d9 \u05d4\u05e4\u05e9\u05d9\u05e2\u05d4 \u05d5\u05d4\u05d8\u05e8\u05d5\u05e8 \u05d1\u05db\u05e0\u05e1\u05ea \u05d4-19","min":-29.72,"absolute_url":"\/agenda\/115\/","rank":27,"score":24.9,"max":77.51,"owner":"\u05d0\u05d1\u05d9\u05d7\u05d9","id":115,"party_max":40.16},{"party_min":-4.58,"name":"\u05d4\u05de\u05d3\u05d3 \u05d4\u05d7\u05d1\u05e8\u05ea\u05d9, \u05db\u05e0\u05e1 \u05d7\u05d5\u05e8\u05e3 -\u05ea\u05e9\u05e2\"\u05d3","min":-12.63,"absolute_url":"\/agenda\/92\/","rank":57,"score":8.05,"max":58.57,"owner":"\u05d4\u05de\u05e9\u05de\u05e8 \u05d4\u05d7\u05d1\u05e8\u05ea\u05d9","id":92,"party_max":15.5},{"party_min":-22.12,"name":"\u05e7\u05d9\u05d3\u05d5\u05dd \u05de\u05e2\u05de\u05d3 \u05d4\u05e0\u05d5\u05e1\u05e2 \u05d1\u05ea\u05d7\u05d1\u05d5\u05e8\u05d4 \u05d4\u05e6\u05d9\u05d1\u05d5\u05e8\u05d9\u05ea \u05dc\u05db\u05e0\u05e1\u05ea \u05d4-19","min":-22.12,"absolute_url":"\/agenda\/102\/","rank":36,"score":16.35,"max":58.65,"owner":"\u05ea\u05d7\u05d1\u05d5\u05e8\u05d4 \u05d1\u05d3\u05e8\u05da \u05e9\u05dc\u05e0\u05d5","id":102,"party_max":31.73},{"party_min":0,"name":"\u05de\u05d9\u05d2\u05d5\u05e8 \u05d4\u05d0\u05dc\u05d9\u05de\u05d5\u05ea \u05d4\u05de\u05d9\u05e0\u05d9\u05ea \u05dc\u05db\u05e0\u05e1\u05ea \u05d4-19","min":-4.85,"absolute_url":"\/agenda\/122\/","rank":61,"score":19.42,"max":75.73,"owner":"\u05d0\u05d9\u05d2\u05d5\u05d3 \u05de\u05e8\u05db\u05d6\u05d9 \u05d4\u05e1\u05d9\u05d5\u05e2 \u05dc\u05e0\u05e4\u05d2\u05e2\u05d5\u05ea \u05ea\u05e7\u05d9\u05e4\u05d4 \u05de\u05d9\u05e0\u05d9\u05ea","id":122,"party_max":75.73},{"party_min":0,"name":"\u05e7\u05d9\u05d3\u05d5\u05dd \u05d4\u05e9\u05ea\u05dc\u05d1\u05d5\u05ea \u05d1\u05e0\u05d9 \u05d4\u05e2\u05d3\u05d4 \u05d4\u05e0\u05d5\u05e6\u05e8\u05d9\u05ea \u05d1\u05d7\u05d1\u05e8\u05d4 \u05d4\u05d9\u05e9\u05e8\u05d0\u05dc\u05d9\u05ea \u05dc\u05db\u05e0\u05e1\u05ea \u05d4-19","min":-80.0,"absolute_url":"\/agenda\/104\/","rank":3,"score":100.0,"max":100.0,"owner":"\u05e4\u05d5\u05e8\u05d5\u05dd \u05d2\u05d9\u05d5\u05e1 \u05d4\u05e2\u05d3\u05d4 \u05d4\u05e0\u05d5\u05e6\u05e8\u05d9\u05ea","id":104,"party_max":100.0},{"party_min":-10.62,"name":"\u05d4\u05de\u05d3\u05d3 \u05d4\u05d7\u05d1\u05e8\u05ea\u05d9 - \u05dc\u05db\u05e0\u05e1\u05ea \u05d4-19","min":-18.49,"absolute_url":"\/agenda\/101\/","rank":64,"score":2.05,"max":52.74,"owner":"\u05d4\u05de\u05e9\u05de\u05e8 \u05d4\u05d7\u05d1\u05e8\u05ea\u05d9","id":101,"party_max":25.34},{"party_min":-42.36,"name":"\u05d6\u05db\u05d5\u05d9\u05d5\u05ea \u05d0\u05d3\u05dd \u05d1\u05db\u05e0\u05e1\u05ea \u05d4-19","min":-43.4,"absolute_url":"\/agenda\/105\/","rank":145,"score":-11.46,"max":64.58,"owner":"\u05e8\u05dd \u05d0\u05d6\u05e8\u05d7 \u05d5\u05d0\u05dc\u05d5\u05df \u05d0\u05e0\u05ea\u05d9\u05df","id":105,"party_max":23.96},{"party_min":0,"name":"\u05e7\u05d9\u05d3\u05d5\u05dd \u05d6\u05db\u05d5\u05d9\u05d5\u05ea \u05dc\u05d4\u05d8\"\u05d1 \u05d5\u05e7\u05d9\u05d3\u05d5\u05dd \u05e9\u05d5\u05d5\u05d9\u05d5\u05df \u05e2\u05dc \u05e8\u05e7\u05e2 \u05e0\u05d8\u05d9\u05d9\u05d4 \u05de\u05d9\u05e0\u05d9\u05ea \u05d5\u05d6\u05d4\u05d5\u05ea \u05de\u05d2\u05d3\u05e8\u05d9\u05ea \u05d1\u05db\u05e0\u05e1\u05ea \u05d4-19","min":-60.0,"absolute_url":"\/agenda\/106\/","rank":29,"score":60.0,"max":100.0,"owner":"\u05d4\u05d1\u05e0\"\u05d4","id":106,"party_max":80.0},{"party_min":0.0,"name":"\u05e7\u05d9\u05d3\u05d5\u05dd \u05d4\u05d7\u05d9\u05e0\u05d5\u05da \u05d4\u05e6\u05d9\u05d1\u05d5\u05e8\u05d9 \u05dc\u05db\u05e0\u05e1\u05ea \u05d4-19","min":0.0,"absolute_url":"\/agenda\/109\/","rank":161,"score":0.0,"max":0.0,"owner":"\u05e4\u05e2\u05d9\u05dc\u05d9 \u05d4\u05d7\u05d9\u05e0\u05d5\u05da","id":109,"party_max":0.0},{"party_min":-100.0,"name":"\u05d4\u05d2\u05e0\u05d4 \u05e2\u05dc \u05d6\u05db\u05d5\u05d9\u05d5\u05ea \u05e4\u05dc\u05d9\u05d8\u05d9\u05dd \u05d5\u05de\u05d4\u05d2\u05e8\u05d9\u05dd \u05d1\u05db\u05e0\u05e1\u05ea \u05d4-19","min":-100.0,"absolute_url":"\/agenda\/108\/","rank":132,"score":-24.0,"max":100.0,"owner":"\u05de\u05d5\u05e7\u05d3 \u05e1\u05d9\u05d5\u05e2 \u05dc\u05e2\u05d5\u05d1\u05d3\u05d9\u05dd \u05d6\u05e8\u05d9\u05dd","id":108,"party_max":0},{"party_min":18.44,"name":"\u05e7\u05d9\u05d3\u05d5\u05dd \u05e9\u05d5\u05d5\u05d9\u05d5\u05df \u05de\u05d2\u05d3\u05e8\u05d9 \u05d1\u05db\u05e0\u05e1\u05ea \u05d4-19","min":-40.0,"absolute_url":"\/agenda\/117\/","rank":3,"score":84.38,"max":96.25,"owner":"\u05e9\u05d5\u05ea\u05e4\u05d5\u05ea","id":117,"party_max":96.25},{"party_min":-12.43,"name":"\u05e9\u05e7\u05d9\u05e4\u05d5\u05ea \u05d4\u05de\u05d9\u05d3\u05e2 \u05d4\u05e6\u05d9\u05d1\u05d5\u05e8\u05d9 \u05dc\u05db\u05e0\u05e1\u05ea \u05d4-19","min":-12.43,"absolute_url":"\/agenda\/99\/","rank":18,"score":39.46,"max":69.73,"owner":"\u05d4\u05ea\u05e0\u05d5\u05e2\u05d4 \u05dc\u05d7\u05d5\u05e4\u05e9 \u05d4\u05de\u05d9\u05d3\u05e2","id":99,"party_max":39.46},{"party_min":1.37,"name":"\u05d4\u05de\u05d3\u05d3 \u05d4\u05d7\u05d1\u05e8\u05ea\u05d9 - \u05db\u05e0\u05e1 \u05e7\u05d9\u05e5 2013","min":-5.61,"absolute_url":"\/agenda\/91\/","rank":44,"score":20.7,"max":55.86,"owner":"\u05d4\u05de\u05e9\u05de\u05e8 \u05d4\u05d7\u05d1\u05e8\u05ea\u05d9","id":91,"party_max":29.43},{"party_min":-20.83,"name":"\u05e7\u05d9\u05d3\u05d5\u05dd \u05de\u05e2\u05de\u05d3 \u05d4\u05d7\u05e1\u05db\u05d5\u05df \u05d4\u05e4\u05e0\u05e1\u05d9\u05d5\u05e0\u05d9 \u05dc\u05db\u05e0\u05e1\u05ea \u05d4-19","min":-35.42,"absolute_url":"\/agenda\/119\/","rank":16,"score":27.08,"max":68.75,"owner":"\u05d0\u05dc\u05d5\u05df \u05d0\u05e0\u05ea\u05d9\u05df","id":119,"party_max":62.5},{"party_min":-9.26,"name":"\u05e7\u05d9\u05d3\u05d5\u05dd \u05de\u05d3\u05d9\u05e0\u05d9\u05d5\u05ea \u05d4\u05d2\u05d9\u05e8\u05d4 \u05d9\u05e9\u05e8\u05d0\u05dc\u05d9\u05ea \u05d1\u05db\u05e0\u05e1\u05ea \u05d4-19","min":-100.0,"absolute_url":"\/agenda\/107\/","rank":48,"score":44.44,"max":90.74,"owner":"\u05d4\u05de\u05e8\u05db\u05d6 \u05dc\u05de\u05d3\u05d9\u05e0\u05d9\u05d5\u05ea \u05d4\u05d2\u05d9\u05e8\u05d4 \u05d9\u05e9\u05e8\u05d0\u05dc\u05d9\u05ea","id":107,"party_max":90.74},{"party_min":0,"name":"\u05e7\u05d9\u05d3\u05d5\u05dd \u05d6\u05db\u05d5\u05d9\u05d5\u05ea \u05d1\u05e2\u05dc\u05d9 \u05d7\u05d9\u05d9\u05dd \u05dc\u05db\u05e0\u05e1\u05ea \u05d4-19","min":-86.96,"absolute_url":"\/agenda\/103\/","rank":62,"score":43.48,"max":100.0,"owner":"\u05e9\u05e8\u05df \u05d4\u05e9\u05db\u05dc","id":103,"party_max":86.96},{"party_min":0.0,"name":"\u05e7\u05d9\u05d9\u05de\u05d5\u05ea \u05dc\u05db\u05e0\u05e1\u05ea \u05d4-19","min":-11.76,"absolute_url":"\/agenda\/114\/","rank":51,"score":23.53,"max":76.47,"owner":"\u05d4\u05e2\u05de\u05d5\u05ea\u05d4 \u05dc\u05db\u05dc\u05db\u05dc\u05d4 \u05d1\u05ea \u05e7\u05d9\u05d9\u05de\u05d0","id":114,"party_max":47.06},{"party_min":-2.3,"name":"\u05de\u05d3\u05d3 \u05d4\u05d7\u05d5\u05e4\u05e9 \u05dc\u05db\u05e0\u05e1\u05ea \u05d4-19","min":-36.0,"absolute_url":"\/agenda\/100\/","rank":21,"score":20.84,"max":29.43,"owner":"\u05d4\u05ea\u05e0\u05d5\u05e2\u05d4 \u05d4\u05dc\u05d9\u05d1\u05e8\u05dc\u05d9\u05ea \u05d4\u05d7\u05d3\u05e9\u05d4","id":100,"party_max":28.79}],"resource_uri":"\/api\/v2\/member-agendas\/883\/"}