{"objects":[{"number_of_seats":31,"name":"\u05d4\u05dc\u05d9\u05db\u05d5\u05d3 \u2013 \u05d9\u05e9\u05e8\u05d0\u05dc \u05d1\u05d9\u05ea\u05e0\u05d5","absolute_url":"\/party\/14\/","is_coalition":true,"knesset_id":19,"logo":null,"number_of_members":31,"id":14,"resource_uri":"\/api\/v2\/party\/14\/"},{"number_of_seats":19,"name":"\u05d9\u05e9 \u05e2\u05ea\u05d9\u05d3","absolute_url":"\/party\/15\/","is_coalition":true,"knesset_id":19,"logo":null,"number_of_members":19,"id":15,"resource_uri":"\/api\/v2\/party\/15\/"},{"number_of_seats":15,"name":"\u05d4\u05e2\u05d1\u05d5\u05d3\u05d4","absolute_url":"\/party\/16\/","is_coalition":false,"knesset_id":19,"logo":null,"number_of_members":15,"id":16,"resource_uri":"\/api\/v2\/party\/16\/"},{"number_of_seats":12,"name":"\u05d4\u05d1\u05d9\u05ea \u05d4\u05d9\u05d4\u05d5\u05d3\u05d9","absolute_url":"\/party\/17\/","is_coalition":true,"knesset_id":19,"logo":null,"number_of_members":12,"id":17,"resource_uri":"\/api\/v2\/party\/17\/"},{"number_of_seats":11,"name":"\u05e9\u201d\u05e1","absolute_url":"\/party\/18\/","is_coalition":false,"knesset_id":19,"logo":null,"number_of_members":11,"id":18,"resource_uri":"\/api\/v2\/party\/18\/"},{"number_of_seats":7,"name":"\u05d9\u05d4\u05d3\u05d5\u05ea \u05d4\u05ea\u05d5\u05e8\u05d4","absolute_url":"\/party\/19\/","is_coalition":false,"knesset_id":19,"logo":null,"number_of_members":7,"id":19,"resource_uri":"\/api\/v2\/party\/19\/"},{"number_of_seats":6,"name":"\u05de\u05e8\u05e6","absolute_url":"\/party\/20\/","is_coalition":false,"knesset_id":19,"logo":null,"number_of_members":6,"id":20,"resource_uri":"\/api\/v2\/party\/20\/"},{"number_of_seats":6,"name":"\u05d4\u05ea\u05e0\u05d5\u05e2\u05d4","absolute_url":"\/party\/21\/","is_coalition":true,"knesset_id":19,"logo":null,"number_of_members":6,"id":21,"resource_uri":"\/api\/v2\/party\/21\/"},{"number_of_seats":4,"name":" \u05e8\u05e2\u201d\u05de-\u05ea\u05e2\u201d\u05dc","absolute_url":"\/party\/23\/","is_coalition":false,"knesset_id":19,"logo":null,"number_of_members":4,"id":23,"resource_uri":"\/api\/v2\/party\/23\/"},{"number_of_seats":4,"name":"\u05d7\u05d6\u05d9\u05ea \u05d3\u05de\u05d5\u05e7\u05e8\u05d8\u05d9\u05ea \u05dc\u05e9\u05dc\u05d5\u05dd \u05d5\u05e9\u05d5\u05d5\u05d9\u05d5\u05df","absolute_url":"\/party\/22\/","is_coalition":false,"knesset_id":19,"logo":null,"number_of_members":4,"id":22,"resource_uri":"\/api\/v2\/party\/22\/"},{"number_of_seats":3,"name":"\u05d1\u05e8\u05d9\u05ea \u05dc\u05d0\u05d5\u05de\u05d9\u05ea \u05d3\u05de\u05d5\u05e7\u05e8\u05d8\u05d9\u05ea","absolute_url":"\/party\/24\/","is_coalition":false,"knesset_id":19,"logo":null,"number_of_members":3,"id":24,"resource_uri":"\/api\/v2\/party\/24\/"},{"number_of_seats":2,"name":"\u05e7\u05d3\u05d9\u05de\u05d4","absolute_url":"\/party\/25\/","is_coalition":false,"knesset_id":19,"logo":null,"number_of_members":2,"id":25,"resource_uri":"\/api\/v2\/party\/25\/"}],"meta":{"total_count":12,"previous":null,"limit":1000,"offset":0,"next":null}}